OrderDetailID,OrderID,ProductID,Quantity,Discount,Subtotal,Feedback
1,120,265,1,33.11,124.79,Room official service suffer science include goal understand.
2,670,246,2,2.9,321.43,Worker poor team according develop meet happy yourself.
3,668,487,8,6.75,707.18,
4,99,218,4,2.06,648.88,
5,940,26,7,26.24,528,Interview suffer late study discuss.
6,333,728,7,42.69,514.31,
7,962,267,1,0.57,71.8,
8,288,882,2,14.66,79.13,May budget soon pretty clearly bring.
9,775,436,9,18.24,467.45,
10,147,633,3,1.26,421.53,Wear life else audience star wide hair.
11,172,295,4,49.84,305.69,Safe say when.
12,911,606,2,49.5,391.16,
13,598,14,7,8.72,231.43,Our situation open begin.
14,372,566,9,30.47,664.51,Make interesting pass camera report.
15,765,451,3,15.8,265.18,
16,913,379,2,37.49,396.41,Song many international money anything student your.
17,881,600,5,16.98,573.59,
18,49,973,2,43.3,327.21,Explain glass culture very develop hope lay.
19,400,727,7,8.53,520,
20,544,273,9,39.73,393.11,Attorney realize south large have.
21,163,945,10,15.72,1792.04,
22,456,87,9,2.66,134.04,
23,636,437,1,27.31,47.7,Question lose arm.
24,300,46,10,22.53,1591.44,Through above list factor beyond goal.
25,877,494,6,48.31,1151.52,
26,912,744,8,18.43,1335.55,Fall over goal member forget.
27,253,971,2,3.69,307.38,Help job wait sister.
28,765,71,9,2.12,707.06,
29,580,160,7,49.48,1106.35,Summer what benefit east personal for learn.
30,974,414,10,25.14,623.17,
31,105,925,8,45.35,993.54,Reach natural game mission.
32,607,715,2,48.12,152.29,
33,281,763,3,48.4,161.54,
34,982,875,8,39.69,1107.82,
35,246,219,7,42.06,1354.94,
36,90,107,4,30.93,418.29,Successful light table important.
37,820,768,9,6.43,1265.1,Already employee member.
38,454,109,1,18.56,176.01,
39,675,286,1,43.42,128.8,Television concern citizen box investment base state.
40,864,303,7,7.98,1355.26,Avoid degree evidence bill great here.
41,272,596,2,31.46,179.52,
42,444,864,1,21.57,78.96,Yes couple spring pattern benefit employee.
43,345,207,1,40.63,182.09,Goal including body author truth foot building.
44,517,791,5,32.77,50.1,
45,504,990,10,31.93,204.96,Carry become million it.
46,619,439,5,33.3,522.39,Site natural discover control.
47,541,872,10,49.49,1805.9,Fall writer number economy.
48,671,725,4,5.81,635.42,Movement cup court between attention.
49,485,573,4,15.05,543.99,
50,303,206,4,33.44,458.03,
51,736,468,10,15.07,1219.17,
52,212,125,4,13.36,73.87,Dark mind performance position both management.
53,757,238,8,20.64,1444.49,
54,826,447,6,27.23,107.42,Easy above life cultural entire.
55,109,472,9,48.92,1727.17,
56,771,939,1,7.44,36.65,
57,372,106,8,46.32,811.75,
58,735,748,1,49.49,137.3,
59,915,218,5,2.24,527.51,Someone fish not reflect involve.
60,436,881,4,33.22,789.83,
61,220,453,6,28.21,360.32,
62,220,179,1,19.95,12.93,
63,736,762,6,15.64,727.71,Letter entire may cut assume agree very former.
64,869,329,4,40.54,264.73,Six truth make.
65,236,847,7,28.36,1083.76,Industry camera word even writer small simple.
66,784,527,1,9.41,50.98,Program budget both season sometimes happen.
67,184,552,4,28.66,327.88,Season just either difference receive station no.
68,908,186,7,45.84,1352.94,
69,424,374,10,25.45,1195.39,
70,474,560,8,37.67,953.31,Level three shake score child fall.
71,908,153,8,3.83,610.09,
72,32,43,4,18.65,99.27,
73,865,817,4,33.68,285.11,
74,249,334,10,40.87,1926.73,
75,867,563,6,38.38,1135.74,
76,618,565,8,43.63,1107.29,
77,586,743,10,15.93,1516.4,
78,980,836,3,10.53,445.26,
79,191,300,3,20.38,180.88,Community water second follow.
80,861,475,1,14.22,24.17,
81,186,862,8,11.7,434.64,Official born ask west hear thought group.
82,892,783,2,20.71,38.19,
83,943,340,2,35.85,115.07,Interview town successful whole ready hear.
84,97,20,7,27.02,481.24,
85,711,633,1,13.3,42.83,
86,242,148,10,20.22,1063.88,
87,406,351,9,16.08,1786.12,
88,278,977,1,49.37,98.47,Technology air movie bad particularly everybody.
89,266,823,1,24.26,93.57,Already military door finish huge theory.
90,562,186,5,0.5,909.82,Him activity health design face its.
91,619,336,5,29.76,578.42,
92,601,882,8,16.35,1146.72,
93,752,467,8,35.08,389.46,Agent why drug too morning interest ahead.
94,594,296,10,13.07,884.82,Bank including husband little detail.
95,275,565,10,15.22,112.17,
96,175,686,2,20.95,356.43,
97,442,386,2,41.82,249.54,
98,365,503,4,4.32,701.79,Property bed once manager recognize high sound.
99,757,323,8,12.41,1476.52,If pressure police concern.
100,221,942,6,15.04,561.13,Head benefit behavior character.
101,54,777,8,49.19,701.98,
102,989,927,10,7.62,1762.48,
103,463,697,4,30.97,252.19,Writer its loss find smile newspaper father.
104,991,399,2,32.01,399.34,Different heart security.
105,290,78,4,29.6,781.39,
106,988,640,2,33.27,252.79,Law her their radio name front fly section.
107,878,885,7,7.08,106.52,
108,439,763,5,36.27,593.56,
109,221,969,9,32.52,934.59,
110,471,908,9,17.86,399.82,Campaign reason range attorney its money.
111,420,87,5,49.4,562.96,
112,47,605,8,34.76,1483.16,
113,807,828,3,31.44,126.42,
114,705,214,4,44.17,358.65,
115,228,136,9,39.52,794.47,Vote yes book walk fear.
116,247,290,3,24.71,373.21,
117,500,311,9,6.05,1167.05,Give watch so act way cost.
118,616,414,6,35.33,370.22,Say drop hear wish try.
119,237,516,6,29.62,935.89,
120,49,966,10,0.7,230.24,
121,804,794,9,13.31,1077.83,
122,90,480,3,39.23,457.94,
123,986,560,10,49.86,926.39,Notice someone close player end painting.
124,200,412,3,1.29,285.89,
125,149,494,2,34.27,150.82,Despite operation enjoy feeling effort least record.
126,627,948,4,7.92,146.76,Hair budget spring and six you north.
127,999,982,3,42.64,138.22,Religious himself detail foot.
128,121,91,7,18.19,1394.45,Various like east similar international.
129,847,248,4,7.25,236.89,
130,690,980,4,40.83,606.4,Always change contain outside young east.
131,887,300,2,13.57,163.32,Happy several check look.
132,465,480,8,46.76,620.09,
133,888,38,9,44.54,381.12,Bad record line reality.
134,679,391,1,1.68,103.15,
135,697,366,9,10.75,1788.26,
136,902,577,4,49.37,161.74,
137,841,341,7,17.38,505.37,
138,169,226,10,5.52,1893.5,
139,169,300,6,12.34,1116.4,Production each anyone agreement tough.
140,553,406,1,9.1,43.91,
141,69,889,2,9.4,204.07,Line building the fear.
142,626,94,3,28.75,453.62,
143,205,46,3,33.07,530.34,Campaign even boy southern wide letter item.
144,801,895,2,0.2,73.71,
145,980,266,9,7.8,1448.67,
146,20,281,10,34.73,1022.52,Such always care.
147,308,863,10,8.96,1462.65,
148,179,551,3,29.88,272.23,
149,458,825,6,20.38,300.57,
150,417,706,3,40.03,181.01,
151,414,434,8,37.19,238.65,
152,289,855,6,15.34,901.02,Experience like brother she.
153,8,327,10,8.45,684.4,
154,856,103,6,22.3,921.72,Thank development fish throw research easy.
155,80,117,10,23.74,475.89,Former sort join require.
156,297,454,3,3.28,59.48,Base nation page woman PM itself.
157,10,741,3,2.03,145.17,You see kid top would.
158,939,43,7,13.13,778.59,History store car.
159,450,469,6,21.66,261.45,Behavior summer benefit.
160,11,478,4,20.61,507.07,
161,677,313,5,33.25,901.07,Size just speak win common including.
162,178,164,1,42.67,15.74,Probably small finish office eye.
163,840,350,2,4.76,361.8,Choose store camera life add line organization.
164,332,11,4,48.29,331.99,Vote likely onto establish.
165,365,509,9,31.2,408.44,At modern recently pattern safe.
166,306,358,5,24.34,382.15,
167,353,24,5,8.48,661.4,
168,703,616,4,48.41,783.76,Value science girl officer.
169,490,890,8,24.79,1268.06,Blood return thus fill shake.
170,6,254,2,3.36,123.68,
171,515,811,5,24.99,616.52,Into fly environment suffer in plan.
172,643,481,4,42.63,317.75,Near direction forget pretty.
173,830,28,6,49.84,387.27,Rather member high now throughout many truth.
174,236,90,9,38.64,1732.32,
175,815,929,3,42.92,105.31,Its relate fight real white.
176,619,370,2,39.26,232.41,
177,168,404,10,34.92,482.67,Less view sense bring.
178,436,914,2,49.9,268.4,
179,295,884,8,6.67,184.24,
180,345,630,8,17.36,1423.59,
181,839,641,4,39.53,602.13,
182,317,939,2,39.71,360.85,Trouble nature environmental free various sister.
183,429,181,1,26.02,14.63,
184,601,122,5,26.63,636.32,
185,633,182,7,19.7,448.33,
186,91,378,4,20.54,513.53,Father community newspaper then us level two apply.
187,286,778,9,45.02,463.99,Environmental as identify record middle clearly.
188,656,362,4,41.35,74.12,Bag democratic ten look control school wrong.
189,239,166,7,27.27,1225.66,Remain case produce wear wonder through.
190,39,229,1,3.3,96.58,Success do region.
191,519,985,10,41.4,1593.8,
192,607,564,8,40.5,1178.2,
193,241,469,7,11.82,1009.53,
194,959,829,5,23.27,910.21,Show successful movement practice.
195,981,90,6,30.66,468.53,Hard increase capital four.
196,751,671,7,40.45,821.35,Raise nearly onto accept attorney public sit.
197,319,743,8,12.5,1254.63,
198,41,943,1,11.61,43.44,
199,270,247,10,12.21,1128.69,
200,327,392,10,32.21,488.93,
201,185,426,8,28.22,248.43,
202,649,245,5,42.78,405.03,
203,804,71,9,18.15,1657.27,
204,299,475,7,33.53,1116.64,
205,936,215,4,21.87,298.56,
206,549,387,10,1.78,228.46,
207,910,792,9,2.19,1001.87,War site material my.
208,491,858,6,12.95,1063.16,
209,605,465,8,8.11,744.44,Process performance indicate matter upon.
210,727,638,10,14.27,802.71,Small growth me.
211,935,144,6,35.2,260.43,Option later box whatever.
212,329,417,4,36.67,305.02,
213,708,772,2,13.55,360.76,
214,280,294,8,44.96,1079.7,
215,358,641,10,31.36,872.95,
216,355,536,4,17.46,369.26,
217,447,990,3,37.68,497.56,Second area per sign.
218,558,824,2,19.82,329.9,
219,132,644,2,2.86,398.74,
220,892,349,1,15.78,11.22,
221,564,941,10,20.56,1749.12,
222,163,986,2,29.27,52.45,
223,419,583,5,17.72,582.07,
224,289,205,7,34.4,163.01,
225,247,282,4,23.82,381.75,
226,217,833,4,4.44,793.49,
227,277,993,3,36.82,219.1,Nearly thousand approach thousand.
228,762,353,8,34.92,1147.3,Then price floor rate sign present capital.
229,553,3,6,12.6,363.78,
230,310,862,3,8.73,579.84,Clearly growth reality beat low audience responsibility.
231,156,534,7,25.18,135.6,Current sometimes for could ability.
232,72,650,3,2.77,46.52,Now whom interest lose town share various five.
233,618,142,8,43.98,1246.9,
234,493,595,8,41.09,188.03,I several develop rather relationship.
235,642,227,5,38.3,695.13,
236,232,708,8,16.5,1592.57,Million example American sit hear.
237,470,749,1,48.59,178.3,Sing team sport ready.
238,863,379,6,28.11,155.41,Why body hundred office finally middle.
239,11,542,9,35.46,1700.47,Administration sing he form rise.
240,892,483,2,32.13,82.76,Improve blue can consumer prove.
241,944,711,2,3.83,108.33,
242,796,909,3,6.2,186.78,
243,173,663,6,4.4,350.21,Close develop already team although thousand spend.
244,654,408,2,43.42,338.78,
245,146,862,9,37.64,1746.45,
246,171,838,3,39.78,230.84,Term stand in stay official story great line.
247,487,310,2,8.8,205.31,
248,882,156,8,5.58,1544.42,
249,324,979,6,8.12,222.09,
250,207,26,5,27.8,396.74,Beyond often account send form single office eye.
251,573,938,8,39.68,864.06,Follow course television hear center see notice.
252,185,368,2,36.15,109.21,That cover laugh among ask toward condition.
253,87,625,9,33.73,448.91,Everybody develop fish machine.
254,270,76,6,25.49,734.39,
255,451,621,2,18.77,141.19,
256,860,39,5,25.33,559.41,
257,718,479,4,40.56,561.61,Break nature body plan than.
258,365,143,6,33.23,316.97,Drop tree commercial Democrat case simply here.
259,548,145,9,32.32,1681.46,
260,320,998,2,42.12,120.08,Sense together work often drive ok.
261,698,45,6,48.7,531.02,
262,338,368,6,6.65,872.27,
263,40,576,4,32.25,622.41,
264,705,296,1,8.37,80.73,
265,165,597,1,4.62,123.94,Each bag PM true.
266,954,399,5,25.4,339.15,
267,342,784,10,38.67,511.9,
268,351,402,10,12.3,915.64,
269,351,513,8,19.03,366.36,
270,752,423,10,32.2,1629.24,Read near drive already data last.
271,888,797,7,49.35,1318.04,
272,556,149,8,34.85,1168.79,
273,51,232,1,26.17,72.66,
274,236,204,10,23.46,1024.14,Difference bed investment involve toward situation walk.
275,123,320,7,33.7,596.14,Surface strategy response us.
276,98,513,5,18.57,959.07,Cause relationship sign.
277,712,115,6,6.19,818.29,Thousand reach maintain material skin.
278,106,768,3,4.11,510.51,Move building strong present prepare cell.
279,7,129,10,32.75,1723.53,
280,464,877,3,49.3,505.37,New type moment his wife.
281,973,935,3,22.39,148.72,Between material involve cell maintain visit person machine.
282,209,196,8,6.22,109.05,
283,373,164,3,46.91,52.11,
284,477,700,1,15.87,51.33,
285,817,660,2,2.43,194,Interview relationship suggest south performance specific meeting.
286,100,952,4,14.2,168.91,Report address TV throw thing night job order.
287,606,615,1,21.88,115.9,
288,795,816,9,8.53,218.67,
289,721,282,6,18.71,482.55,Southern traditional role deal brother listen.
290,653,604,10,18.78,244.98,Their prevent property control two together.
291,380,564,9,19,1188.18,
292,945,945,6,49.18,387.41,
293,642,495,8,41.94,539.14,
294,599,547,9,38.5,286.99,Step term drop challenge beautiful account.
295,34,367,3,30.33,513.87,
296,201,773,8,12.5,973.75,
297,954,19,4,16.53,106.7,
298,294,434,10,0.6,865.22,
299,60,762,9,47.1,1504.11,Get physical improve voice.
300,279,592,1,27.63,37.78,
301,847,775,9,32.54,1531.99,Floor only single different whole sort.
302,692,464,7,5.39,534.04,
303,576,243,6,37.47,596.05,
304,279,676,7,41.46,916.04,Something job create.
305,363,374,8,27.52,1142.63,Citizen must future well official.
306,625,312,4,24.69,242.04,Data break fly fear matter college morning.
307,750,447,10,23.8,1088.5,
308,500,316,1,30.16,171.3,
309,934,359,2,7.19,382.24,
310,708,991,3,20.41,322.96,Special sort structure involve official structure.
311,35,52,7,42.37,403.26,Color source Democrat billion.
312,113,607,9,23.67,757.72,Ten amount Democrat detail coach.
313,923,166,6,17.88,1122.74,Shake young service street own thank.
314,573,114,2,9.02,247.8,National worker process fear.
315,819,184,4,38.08,741.75,Foot office baby seven world building fire.
316,981,588,7,11.62,976.74,Begin follow play into last political.
317,583,974,3,47.96,30.87,Day whom meeting nothing.
318,824,233,7,37.72,868.57,
319,690,642,2,12.9,95.34,
320,710,905,1,22.59,29,
321,123,904,9,27.42,431,Special even example risk upon point ever.
322,266,832,6,44.02,1173.25,
323,170,904,7,46.61,1105.39,Wall score technology create try whether.
324,235,494,7,31.56,1378.62,
325,507,144,2,7.67,300,Difficult win seven perform activity.
326,201,575,1,40.03,13.3,First more book across.
327,329,784,1,43.09,114.99,
328,77,841,3,42.77,75.79,Network yet loss.
329,400,788,9,25.61,1319.15,Safe live fast agent PM among.
330,707,966,7,0.52,676.21,
331,211,144,4,23.27,794.37,Camera difficult family leave.
332,333,976,8,34.65,948.84,
333,563,804,7,26.71,297.96,Pull win admit consider what land oil at.
334,692,969,1,45.79,28.67,
335,513,571,7,5.13,393.42,
336,178,479,6,25.31,1179.83,
337,766,193,4,11.55,453.77,
338,524,907,1,30.11,109.56,Not step close.
339,497,730,3,13.97,87.27,
340,367,270,3,25.6,177.66,Audience music environment teacher.
341,209,200,3,43.41,39.01,Us head thousand material imagine tree bring.
342,325,762,4,29.85,364.03,Suddenly job another laugh now professor.
343,178,698,4,10.85,160.93,Process million pattern vote.
344,321,656,9,5.17,1485.97,Research performance character rich poor become bad.
345,971,367,8,34.24,1291.34,
346,125,405,1,49.67,40.81,Environment team arrive rich.
347,997,704,10,8.53,1274.74,
348,512,114,10,26.54,237.22,Official effect off.
349,208,329,4,6.91,477.75,
350,262,400,1,10.61,114.02,
351,537,96,6,49.4,626.83,
352,843,478,3,6.87,494.26,Teacher strong but idea.
353,415,167,3,44.86,484.39,She clearly seem set.
354,587,897,4,44.97,139.5,
355,797,963,4,3.57,447.55,
356,786,609,1,9.37,29.75,Ground long leave citizen open quickly.
357,469,468,5,33.48,516.93,Less coach section in hot story.
358,686,590,8,0.14,355.46,Beautiful environment may head.
359,211,199,1,31.33,19.02,Vote bad stop computer.
360,432,972,2,0.06,29.05,Hit million member such line.
361,756,636,6,29.48,648.88,Heavy crime generation.
362,445,967,8,31.67,443.5,Wife contain something character money process.
363,150,949,5,40.46,876.62,Push spend risk soon artist lot.
364,459,833,4,46.5,397.59,Lead head require about hospital.
365,107,201,6,16.78,795.17,
366,689,81,8,27.13,364.95,
367,973,973,4,34.1,614.84,
368,259,285,8,20.22,712.38,Investment movie act market score less.
369,836,163,1,45.34,18.06,Reason perhaps know most.
370,58,381,8,2.58,1482.6,
371,770,996,9,21.86,1248.43,Political present result each site other upon.
372,96,288,1,14.17,168.43,Experience represent whom to.
373,987,624,4,18.41,660.7,Top training plan.
374,434,206,10,3.74,392.13,Build real have.
375,318,778,9,16.61,144.29,Between stage significant effort shake game.
376,46,332,3,3.53,320.23,
377,253,870,9,35.04,876.33,
378,723,512,2,29.11,304.98,
379,436,162,1,16.63,78.29,Wide crime ok again full above third.
380,892,255,8,15.17,1579.54,Stay prove mother surface course as.
381,392,237,6,11.03,315.21,
382,586,189,10,37.73,1498.79,
383,19,474,9,11.14,1280.74,Boy seat whatever by prove dog true.
384,77,296,1,14.48,48.81,Ago world natural election walk authority.
385,177,386,10,15.23,386.44,
386,670,540,8,35.65,393.42,Health wind tree agree.
387,616,730,10,34.43,520.94,
388,493,291,7,49.25,314.94,Learn science approach close citizen.
389,398,248,2,30.74,34.81,Maintain our name police by free whatever area.
390,264,163,5,0.84,554.96,Fight else recently church.
391,742,951,4,38.28,422.17,
392,713,449,7,28.47,1138.48,Themselves leave film maintain run.
393,620,164,4,3.19,503.99,Have security teach wonder foot decide.
394,138,693,7,29.07,1333.67,
395,499,515,4,48.84,538.19,
396,536,645,3,46.65,402.57,Gas among tonight north threat money thought mission.
397,458,442,9,39.19,1129.26,
398,829,640,1,36.65,37.4,Focus reach whose base though another.
399,148,454,5,21.68,776.75,
400,470,183,5,29.44,585.4,
401,977,27,2,46.54,256.57,
402,739,960,4,4.07,754.83,Real economy child some data.
403,363,520,7,46.58,1167.61,Remember century learn job model marriage.
404,498,650,1,43.67,129.65,Of lose fine wife democratic tax.
405,829,286,2,24.01,229.36,
406,202,313,2,4.67,190.77,Herself course service hit stand successful Congress wrong.
407,563,311,7,41.39,213,Machine hotel road candidate.
408,751,951,8,10.6,661.9,Policy close able strategy past car.
409,891,401,4,3.46,407.69,
410,597,428,9,5.85,485.12,Low station story article whether.
411,767,495,2,48.86,78.4,
412,689,562,6,30.12,167.02,
413,766,375,7,43.68,390.82,Card same former sound him.
414,331,982,9,37.91,1463.09,Itself feeling try answer water common believe assume.
415,873,521,7,20.43,818.86,Kind raise final author quickly public well.
416,933,85,9,46.54,997.95,Realize hold less attack.
417,220,380,2,18.52,395.59,West hear analysis ok year.
418,707,680,8,32.77,1030.26,Example artist speak improve now light good.
419,503,668,4,42.43,400.86,
420,13,748,5,36.06,355.68,
421,180,494,4,32.46,132.07,
422,61,807,10,16.85,410.96,
423,724,887,8,30.64,969.2,That look protect some kid street.
424,634,668,4,30.36,208.96,Together they risk particular everybody.
425,5,306,10,4.64,1287.6,See see live future.
426,320,334,10,9.71,409.78,
427,931,597,2,45.63,244.2,Strategy none though walk stay do.
428,104,679,5,20.83,883.92,
429,845,710,4,46.53,202.84,Either care week true against plan just.
430,922,861,5,8.89,711.56,
431,535,300,7,18.98,1129.74,Democrat bit south view ten.
432,437,621,9,22.95,1765.22,
433,948,891,6,16.75,917.25,
434,756,224,6,6.25,68.98,Significant ground author group.
435,492,370,6,19.3,385.46,Different newspaper attack interesting character.
436,502,281,1,0.92,50.57,
437,873,876,4,27.24,507.03,Material watch bring or.
438,586,278,1,35.35,65.68,
439,909,822,3,48.64,427.65,
440,841,685,3,38.47,483.66,Go child give war.
441,904,273,7,18.69,1018.23,Republican lawyer one federal.
442,367,520,10,14.04,1427.72,
443,532,925,5,49.42,790.95,Environmental commercial term feeling candidate.
444,293,697,9,42.32,1691.87,Financial like something important per partner tend.
445,882,89,8,46.58,407.89,
446,831,269,8,37.8,857.21,Require clear give guy.
447,385,211,8,27.23,159.21,Century second someone tonight paper various back.
448,324,525,4,26.37,237.82,
449,358,35,6,41.3,775.72,
450,634,631,10,7.54,1444.34,
451,39,886,2,42.47,298.28,
452,932,22,5,3.22,309.81,
453,788,976,9,6.46,463.27,Stop unit probably.
454,389,326,5,31.46,902.37,Food arm five market worry require less.
455,543,822,6,42.06,1115.9,
456,787,254,1,39.79,178.01,New whatever sound learn force whose.
457,327,48,4,47.64,595.34,Group common career body camera open.
458,110,139,7,16.82,793.53,
459,48,668,1,48.49,110.42,
460,941,317,4,3.85,785.38,Turn really success poor.
461,48,786,2,18.39,115.7,Ready stock best draw history.
462,380,383,2,4.61,174.01,Apply my course write peace despite.
463,180,305,3,0.29,318.88,
464,243,423,7,30.04,88.14,Read word quite nothing continue property people hard.
465,937,337,4,26.56,183,Training consumer between act rest everyone.
466,427,884,6,23.15,217.43,Price new whose professional authority.
467,892,841,6,37.1,420.63,
468,922,119,9,16.11,692.33,
469,1000,931,5,41.48,794.8,Although power guess red western.
470,139,686,6,25.47,978.78,
471,157,159,5,24.28,982.49,
472,602,610,4,22.43,589.92,
473,468,68,3,7.49,45.72,
474,377,15,3,15.36,90.98,
475,146,148,2,44.98,33.61,
476,289,772,2,23.12,184.52,Bag right carry close.
477,880,789,1,26.23,111.28,Because staff much determine.
478,417,277,8,7.56,296.02,
479,773,834,5,43.28,940.75,Particularly hotel material and share weight.
480,868,238,7,47.92,298.33,
481,413,669,2,42.78,29.75,
482,454,471,3,31.53,263.46,Newspaper town open open million leader traditional clear.
483,469,149,10,38.69,1965.57,
484,732,228,6,13.77,842.35,Usually such offer run number.
485,240,24,10,2.5,829.06,
486,81,127,8,35.12,100.69,
487,229,789,1,21.28,156.19,
488,867,758,2,27.01,189.54,Party letter soon way medical door candidate.
489,425,27,10,11.21,659.5,
490,20,888,9,14.59,1215.9,Indicate interesting boy collection mouth seek.
491,146,919,7,4.59,241.74,
492,453,733,7,6.77,1064.15,Shake able best.
493,387,247,6,28.62,1168.39,Floor wonder everything method.
494,738,569,9,8.08,424.72,
495,356,321,6,1.33,385.79,Life share house these.
496,107,114,5,34.6,65.73,Whom power author past cold different although star.
497,536,231,10,7.61,1499.91,
498,415,545,7,19.84,554.07,
499,59,885,5,12.3,317.06,More north into because during.
500,852,146,6,29.77,776.57,Move quickly teacher benefit.
501,136,211,8,48.55,226.36,
502,480,173,2,3,75.98,
503,546,910,9,11.2,952.21,Product democratic property bank apply plant easy concern.
504,415,61,7,16.53,1327.51,On somebody argue.
505,372,334,10,47.08,1729.31,
506,594,77,8,17.35,459.59,State including brother administration particular news.
507,861,411,1,24.23,192.96,
508,718,196,2,46.77,278.48,Health task rule fish raise.
509,507,298,3,23.8,243.04,Politics spend oil class region oil edge.
510,483,669,5,4.34,500.98,Early not seat better size need there military.
511,633,162,5,2.47,963.92,Attention while type defense marriage new himself instead.
512,169,820,2,49.46,31.48,
513,62,133,10,4.46,1786.19,
514,499,225,1,26.23,135.74,Necessary its writer want.
515,31,141,5,42.39,747.16,Notice need land better land third.
516,12,420,2,10.5,124.49,
517,387,838,9,30.72,115.89,Institution hand already hour accept pretty.
518,557,231,6,36.34,827.96,
519,474,44,3,10.87,182.76,
520,632,49,1,37.46,112.76,East instead suffer often group.
521,804,755,6,29.45,1049.95,
522,105,593,6,30.6,743.12,
523,6,397,10,20.1,1314.6,
524,827,387,5,15.95,355.96,
525,944,826,10,38.21,1294.03,
526,432,98,9,32.07,1226,
527,781,798,10,46.07,395.27,
528,150,431,2,47.6,146.02,
529,880,93,10,7.03,1680.37,
530,540,395,5,34.17,753.64,Exactly almost key.
531,515,176,2,22.75,102.32,
532,624,95,10,25.43,456.58,Any account foreign thing.
533,859,555,4,15.06,431.82,
534,186,478,4,11.24,722.99,
535,983,424,6,28.22,452.04,
536,5,281,2,8.15,289.79,
537,357,491,5,26.06,737.13,Improve dog first out community large one.
538,812,783,6,28.35,101.32,Decide energy coach.
539,28,304,2,29.29,108.3,
540,750,98,4,31.97,257.45,College simply your save by certainly major still.
541,822,739,9,37.96,1665.19,While business shake quite kitchen also interview with.
542,600,56,2,0.38,371.55,City over onto beat professional force save.
543,505,478,1,6.39,86.22,Court our share turn official those.
544,463,29,8,6.76,621.09,High bring specific.
545,21,318,2,11.51,70.79,
546,44,67,2,38.75,248.27,
547,930,290,3,0.82,30.66,Society board what treatment face catch.
548,698,735,3,28.4,369.71,Others line exactly.
549,580,54,3,20.43,122.28,
550,611,548,9,6.85,938.95,
551,983,575,4,11.47,758.33,
552,175,549,3,31.68,104.92,Discover why us head.
553,900,768,3,49.9,251.41,Record draw again line.
554,197,924,4,18.94,634.91,
555,518,544,10,24.29,124.43,Modern place travel class tree against.
556,547,774,3,4.16,79.99,People evidence form our strong success break.
557,770,788,4,6.75,234.27,Decade whatever even child between film.
558,28,816,8,43.52,1065.77,Wonder mouth quality just.
559,944,502,6,9.8,301.37,Low guess find else create.
560,851,494,8,37.09,532.41,Choice do green buy score own.
561,787,440,4,39.23,44.54,
562,524,628,1,24.52,31.45,Read notice sell assume seat.
563,461,309,6,31.87,285.4,
564,31,228,2,20.54,140.24,Build travel here only put.
565,640,759,3,37.69,199.73,
566,731,153,3,7.88,530.39,
567,657,740,1,16.52,190.35,Camera pass threat them.
568,362,535,10,48.18,1173.04,Exist current turn public.
569,66,927,6,15.56,636.97,Many that sea personal choice whom around.
570,303,184,4,42.62,458.19,
571,30,957,10,12.58,1540.65,
572,877,495,9,35.88,1086.99,
573,610,13,10,46.97,1575.61,Western pretty soon easy significant share.
574,621,956,1,48.78,17.09,
575,945,703,7,48.77,699.4,Relationship born create image miss.
576,825,317,4,33.03,202.39,
577,963,230,3,17.04,163.98,Behind wish different claim action just.
578,842,551,4,3.04,721.68,Magazine what how four.
579,149,181,1,41.49,144.71,Benefit loss challenge create.
580,915,850,2,26.11,43.75,Population box scientist town.
581,655,968,9,9.68,448.57,Position develop issue letter expert during because past.
582,147,127,7,28.77,727.36,
583,353,386,5,49.63,389.66,
584,145,338,4,27.93,533.83,Hand environmental name room.
585,120,843,5,17.35,876.44,
586,715,272,2,49.17,158.82,Deal structure she talk.
587,772,458,4,27.3,610.89,Director Democrat control foot occur modern foot.
588,64,59,3,15.57,438.06,Very deep theory yard recognize huge recently.
589,144,70,3,35,71.6,
590,496,238,1,39.2,132.82,
591,882,779,3,22.23,343.46,
592,186,762,3,38.79,138.85,
593,627,19,3,49.97,384.42,
594,230,115,3,12.03,499.71,Successful see me within have.
595,621,675,5,44.97,359.89,Usually serve defense.
596,674,830,1,19.68,143.6,Phone prepare as miss.
597,944,123,10,19.5,830.98,Feel article peace that federal seat together.
598,489,996,8,4.56,1567.74,Involve think film hot.
599,314,794,8,48.87,331.83,
600,124,774,3,28.21,375.24,Practice country meeting because although inside.
601,195,789,8,10.51,597.17,
602,897,467,3,18.52,215.6,Character director among wish.
603,728,577,7,14.64,855.96,Pay picture friend action listen serious likely.
604,992,555,1,28.35,94.34,
605,328,792,3,15.3,561.99,Visit book feeling catch.
606,36,76,10,4.61,102.51,Dog boy stage whom give important.
607,636,19,2,31.84,325.9,Hear industry drug certain memory stock partner.
608,160,353,4,13.94,344.97,
609,516,786,6,38.63,346.44,
610,589,983,5,13.28,442.9,
611,274,683,10,40.58,502.46,Debate morning large easy.
612,793,71,2,17.47,326.29,
613,40,31,10,29.29,284.62,Expect system reach management PM evidence garden.
614,566,880,1,0.65,150.76,Sound walk theory design financial right stage theory.
615,645,485,3,31.73,323.94,Plan maybe goal could.
616,607,279,4,7.23,669.37,
617,394,523,5,26.51,571.16,Serious reveal under computer money interesting than behavior.
618,411,142,10,9.23,1720.55,
619,540,566,8,47.77,821.99,Fine commercial identify nature with if forward.
620,370,700,3,42.46,427.4,
621,747,953,6,15.33,656.21,Protect chair must often all.
622,526,205,5,15.96,282.44,
623,702,162,6,28.09,600.56,Piece upon one bad site husband.
624,252,679,3,28.69,303.89,System before mission admit artist.
625,832,157,7,12.78,990.71,
626,612,774,5,41.71,509.29,
627,242,906,9,45.74,482.51,
628,680,395,9,38.81,491.27,Help person lot sort.
629,477,831,10,48.53,727.53,Before everybody those property camera federal glass door.
630,425,615,2,6.55,108.29,
631,461,745,6,34.24,784,Simple kind see senior.
632,917,270,4,38.95,219.72,Drug religious result occur.
633,459,142,3,44.75,36,Question quickly home ball toward with open.
634,455,423,3,31.66,443.59,
635,297,899,2,40.53,56.31,Son defense employee admit girl option card.
636,548,4,5,34.43,888.81,
637,538,990,6,49.71,954.45,Make gun hand live nor rate floor.
638,363,215,4,2.01,307.03,Four game result bad chance.
639,798,913,9,21.84,675.55,Feel activity church month amount black.
640,571,86,10,39.69,502.55,
641,210,54,9,23.98,249.48,
642,477,437,1,4.07,183.01,Put population possible up feel color buy.
643,596,688,4,45.26,399.64,
644,513,717,8,9.13,781.22,Direction rise carry.
645,134,207,8,29.28,907.31,
646,467,15,3,15.44,189.2,Response person hot whose.
647,937,219,1,5.03,140.84,
648,256,139,10,10.32,492.96,
649,359,198,3,40.73,110.97,Player direction weight continue decision magazine.
650,989,285,3,1.71,586.62,Positive continue probably situation phone sit president.
651,628,215,8,39.87,391.58,
652,194,277,1,4.35,103.55,Cell financial number support data dark.
653,821,343,10,2.3,1017.68,Move expect suddenly share amount purpose only.
654,522,838,2,21.93,364.24,
655,485,38,4,4.67,99.91,Produce believe no across response use.
656,77,470,5,34.46,283.07,
657,993,524,5,13.39,532.17,
658,674,849,4,42.55,758.22,
659,361,243,1,39.41,122.08,
660,793,33,9,37.35,811.25,Significant happen agreement relate option reality.
661,645,278,9,20.01,358.48,Each PM occur another act.
662,225,995,10,12.75,1114.51,Major someone increase blood.
663,378,373,6,7.44,1057.34,Central today job do show investment network.
664,804,414,6,3.15,953.44,
665,607,534,7,8.57,992.05,Yeah no smile or course a face.
666,321,447,5,37.17,591.37,Whom baby I information report where probably city.
667,71,686,7,2.03,1381.86,Score health edge public cost else experience society.
668,450,94,7,16.1,1106.32,Protect rise art more southern politics us.
669,75,815,8,47.1,711.11,
670,715,333,10,33.5,1142.72,Talk measure finish talk building.
671,982,434,10,3.37,1083.44,Offer me collection church business practice.
672,411,818,7,19.72,719.99,Bank billion ready authority less.
673,95,155,10,49.27,481.76,
674,146,837,7,49.49,986.41,Eat will gun reach data teach return her.
675,950,628,5,35.96,496.93,Pattern development if science size.
676,192,476,8,25.2,1467.33,Our someone become.
677,170,344,3,47.74,80.57,
678,290,377,7,46.27,387.88,Side particularly movie woman behind course face.
679,935,30,3,29.78,309.07,
680,131,116,10,13.29,358.03,Age race government simple fly.
681,158,828,3,18.38,457.73,
682,478,114,10,41.49,730.59,
683,728,627,1,12.45,11.02,South set production note.
684,476,901,10,28.86,320.78,Receive describe rule for.
685,303,687,2,20.22,168.46,Other billion us how.
686,463,48,6,38.61,568.3,
687,383,760,1,6.75,179.44,
688,999,625,2,37.89,63.89,
689,773,392,5,47.11,749.66,New through tough return.
690,821,857,6,23.38,98.64,
691,273,623,1,23.53,94.46,Half save it time free bar.
692,898,923,5,21.62,373.68,Building sure unit which.
693,345,314,3,5.4,375.48,Player summer look stuff check.
694,278,714,1,32.99,109.48,Remember level lay discover exist agency.
695,646,179,4,8.08,364.23,
696,745,863,1,2.62,121.72,
697,477,717,9,38.05,163.48,
698,215,889,9,19.37,524.2,
699,315,276,5,3.43,940,Theory surface me thus in give phone.
700,353,752,4,20.86,547.36,
701,172,915,8,18.62,1172.07,
702,994,356,9,7.6,893.75,Large know voice enjoy risk many matter.
703,170,980,10,28.86,427.53,
704,836,909,2,44.33,376.11,Answer significant on recent least seven but.
705,489,170,4,21.89,434.57,
706,633,321,8,10.64,1141.59,Light pressure later describe us.
707,22,901,5,21.84,645.91,Full month figure defense even own.
708,369,574,8,1.16,1547.91,
709,444,440,5,4.02,263.13,
710,56,325,2,25.9,364.28,Yard bag organization not recently country.
711,34,445,5,47.27,464.46,Order director admit plant alone.
712,362,165,9,48.73,1101.84,This door vote energy fast focus see open.
713,42,107,1,2.63,165.34,Tv suggest dream learn water research term.
714,803,292,6,16.09,685.87,Window plant marriage up various star art.
715,247,478,7,47.51,687.47,
716,557,895,10,36.17,1422.97,
717,117,241,5,49.13,234.36,
718,92,222,5,7.81,612.28,
719,695,366,2,24.76,239.34,
720,242,993,6,27.84,161.42,New next right institution.
721,834,815,5,32.68,684.94,
722,223,939,9,38.79,1113.05,Few much more policy since.
723,693,305,3,11.66,490.28,
724,147,937,1,19.37,180.02,
725,536,413,3,42.76,114.31,
726,872,451,8,30.1,1263.1,
727,182,697,1,11.36,109.65,Trade appear radio give available.
728,591,732,10,32.35,1224.88,Door trip inside report teach after ask operation.
729,845,517,3,25.04,589.49,Exactly product attack forward head value board.
730,621,588,9,31.38,1589,For worry involve week college marriage.
731,917,476,1,1.43,126.69,Memory air drug south.
732,820,213,6,19.59,547.54,
733,191,388,8,27.43,1000.63,
734,133,493,5,29.35,74.01,Better baby fish cause.
735,854,410,10,40.48,1661.16,Line plan activity still month mean.
736,853,4,2,35.5,262.06,Cell science bill especially other.
737,547,664,5,10.14,786.26,Accept budget nice need around effect build.
738,502,397,2,29.84,202.63,Pick long type.
739,753,17,1,26.51,39.45,
740,105,777,3,8.74,309.55,
741,775,432,2,1.6,53.76,
742,284,378,10,0.35,164.65,Meeting far three partner career suddenly take.
743,174,904,7,5.07,704.04,
744,221,100,1,26.38,52.35,
745,321,972,9,48.56,955.6,Cell across woman deal money career statement.
746,732,807,2,19.28,192.39,
747,510,646,10,13.34,1286.68,
748,979,330,10,13.47,1530.75,Despite ability work television coach budget.
749,881,869,8,12.13,405.57,
750,150,124,10,49.54,1350.13,
751,611,231,2,12.86,236.29,Course five finally peace.
752,157,404,7,27.61,420.76,
753,415,113,1,9.37,192.58,Billion represent require most stage enter may happy.
754,228,541,4,32.83,530.71,
755,373,904,7,16.69,731.51,
756,474,949,6,36.85,588.63,
757,536,338,8,15.92,1241.44,
758,2,862,10,16.73,1782.94,Although whatever throw cell onto.
759,25,199,1,1.07,101.44,Instead officer least about middle.
760,197,473,8,17.84,477.46,Mother central lead expect necessary recognize skin.
761,454,571,6,5.86,192.41,As him fill item what to ability.
762,379,579,1,18.03,142.6,
763,890,907,6,39.5,181.83,Organization improve meet population structure finally.
764,746,677,10,13.83,1241.43,Animal notice south lawyer around it.
765,394,325,5,17.4,857.19,
766,234,385,3,41.56,39.53,
767,963,235,2,41.67,334.18,City daughter last price now.
768,793,945,1,1.82,132.46,
769,164,104,5,20.51,789.74,Send people new but choose score charge.
770,710,644,2,8.53,147.87,Weight catch scientist.
771,146,573,9,8.48,1493.64,
772,863,981,3,3.02,252.38,
773,84,680,6,27.86,229.25,Sport meet necessary not give husband off south.
774,353,355,9,27.45,1085.5,Various kitchen writer pass role.
775,804,339,5,14.15,118.55,
776,35,120,6,6.01,930.86,Concern purpose parent stage blood size these.
777,545,55,5,33.74,961.8,Page us create above garden cell tell.
778,668,978,5,21.84,162.36,In career thing possible.
779,860,723,7,8.4,506.57,Into reflect though during impact.
780,533,104,8,14.43,559.5,
781,573,931,10,24.68,1980.62,
782,427,106,10,48.98,1707.19,Safe hard claim player poor subject.
783,156,876,8,45.37,1569.88,
784,801,189,9,40.36,164.03,
785,506,489,9,12.21,230.75,Or attack operation.
786,733,490,5,21.94,863.07,Price affect really street summer health until.
787,527,930,4,35.47,92.2,
788,32,901,2,15.03,140.48,Political quickly measure.
789,600,458,8,17.79,1410.63,Suggest during on open treat.
790,677,907,10,8.3,658.81,Political up population west.
791,181,872,10,29.05,1704.56,Success career itself.
792,780,724,7,16.78,1022.82,
793,261,885,5,37.17,157.84,Write affect bit already.
794,237,964,3,33.33,61.48,Suggest reason know short economy which.
795,100,933,1,12.8,191.31,
796,950,575,10,47.27,1903.03,More almost magazine check or.
797,756,321,9,49.47,534.47,
798,479,328,9,27.16,1438.53,Rich economy investment necessary it than see.
799,235,358,6,38.01,1100.05,
800,744,190,5,12.47,987.14,
801,90,566,7,30.36,887.14,
802,107,342,8,25.98,1554.85,See sit tonight call family central suggest involve.
803,71,382,9,25.99,1472.18,Concern all only week wall crime.
804,404,449,4,31.98,736.71,Worry wish sport top different up perform.
805,192,825,1,1,29.39,Democratic girl short bank do democratic trade.
806,101,10,10,8.24,252.45,
807,557,287,10,42.88,1352.38,
808,699,891,8,35.75,1206.65,
809,223,200,3,15.73,53.91,
810,680,709,1,44.88,178.45,However officer accept consider theory.
811,780,792,8,6.99,457.82,Building goal ball staff.
812,843,214,4,27.67,786.65,
813,488,973,5,8.95,463.89,
814,197,112,2,37.45,114.07,
815,80,786,4,25.01,476.26,Beyond gas head some.
816,982,243,1,36.4,84.93,
817,71,835,10,46.72,1467.22,Others lose us minute body hundred get.
818,46,102,6,33.21,278.23,
819,158,259,7,47.28,1125.98,Reveal behavior some.
820,527,850,5,5.46,968.1,
821,279,538,9,36.83,797.77,
822,138,261,2,40.85,261.33,Here never prepare report.
823,328,616,5,16.84,878.89,
824,544,866,7,34.04,1034.64,Their adult safe cold green opportunity.
825,367,153,3,33.09,312.31,Prove enter she kind miss attention.
826,518,496,7,46.8,247.4,Edge stay keep maintain pick senior.
827,515,273,5,9.66,546.77,
828,493,830,3,35.11,370.97,Example marriage section.
829,497,576,1,31.08,187.18,Hot situation election science area simply decade.
830,318,44,3,45.92,348.95,
831,376,220,2,37.89,37.52,Cell nor common firm must fall.
832,190,333,5,13.52,900.77,Trial they action event house above.
833,820,575,6,40.48,293.01,
834,478,405,4,24.61,75.34,
835,433,768,9,48.44,1027.31,
836,262,257,10,49.3,309.19,Forward least reason list eye responsibility ready service.
837,205,438,1,1.27,159.15,
838,928,947,2,36.46,218.93,
839,101,213,1,10.48,97.06,Yourself rule agreement difficult station never they.
840,989,566,3,9.26,314.49,
841,474,50,5,39.19,908.21,
842,679,715,4,32.8,436.12,Notice reality serve family term painting year.
843,86,723,7,16,946.47,
844,341,774,8,36.32,136.09,Gas mission marriage amount prove day image though.
845,977,707,5,7.75,991.11,Religious these industry.
846,329,208,6,13.2,867.6,
847,12,135,4,46.97,193.06,Conference appear catch their story.
848,203,675,8,48.84,580.47,Fight age option option.
849,564,661,4,22.96,584.06,
850,620,43,6,31.73,234.48,
851,832,198,3,28.5,204.7,
852,373,362,3,45.88,275.14,Tough red quite director real difficult.
853,729,849,3,26.76,546.77,
854,500,859,1,9.34,101.28,Production central describe line.
855,357,258,7,20.61,408.65,
856,950,866,2,43.49,318.65,Free edge model say conference.
857,765,343,4,38.33,483.32,Lay plant we sound because health drive why.
858,697,68,3,8.59,580.86,
859,180,225,10,45.47,1790.08,
860,881,702,3,36.72,202.91,
861,988,179,1,49.97,151.74,
862,967,794,6,17.13,627.34,Experience grow into give common control he.
863,842,483,3,47.45,251.9,
864,803,394,4,44.85,472.66,
865,548,410,9,30.2,1416.36,Start case glass result event art.
866,205,981,5,24.43,281.54,Lay word new again offer evidence beat.
867,661,675,2,5.4,274.12,Nothing use blood speak far new.
868,777,883,3,38.68,171.07,Present you any money movement her open.
869,546,356,4,34.35,775.28,
870,305,957,9,38.7,242.45,
871,660,884,9,7.7,1083.21,Water protect yard inside audience.
872,329,366,1,28.26,55.85,
873,716,955,2,7,181.85,
874,856,262,7,32.57,881.83,
875,842,105,2,28.43,369.04,
876,440,29,10,25.74,1903.08,Form majority where year not training.
877,475,235,8,41.9,1272.02,
878,386,580,10,14.35,1073.48,
879,775,642,6,44.5,697.56,
880,93,592,2,39.53,183.39,
881,694,406,9,6.1,1336.65,Else sound stay war blood plan nor have.
882,536,136,7,5.49,286.49,
883,20,663,1,36.48,40.92,
884,199,759,4,23.84,142.29,Scene together discover trip explain late.
885,796,778,8,46.35,1115.76,
886,27,826,4,43.03,761.79,Will both mean as.
887,801,458,6,34.44,271.28,
888,548,766,9,12.14,1188.26,Popular whether necessary magazine store.
889,326,931,9,19.63,1535.26,High only structure.
890,547,791,1,11.72,144.47,
891,494,719,9,24.27,1530.63,
892,714,390,9,20.86,1186.11,
893,967,85,8,6.79,1486.92,
894,160,466,2,17.02,123.47,
895,824,795,3,19.89,319.06,Young western ago why know police style certainly.
896,542,360,10,15.54,382.42,
897,596,608,4,43.25,419.27,About others enough finally over fact every glass.
898,605,18,10,18.42,1894.41,
899,186,317,9,27.85,394.12,Risk structure set director game.
900,20,736,6,32.65,657.59,
901,527,681,3,41.74,110.92,
902,568,767,6,12.26,482.65,Performance consider cultural concern.
903,961,25,8,1.77,1074.77,
904,169,258,10,14.94,861.58,Attack leave alone leg current pick theory.
905,960,314,6,44.46,121.47,
906,842,657,2,11.88,190.45,
907,103,81,4,41.26,784.38,
908,780,877,1,23.65,86.35,
909,980,461,4,34.07,514.2,Church section man according bed.
910,444,868,10,31.81,861.16,
911,899,517,9,40.2,966.63,
912,369,785,2,48.63,232.39,Perform enjoy popular risk church.
913,209,361,8,32.55,1105.19,
914,890,627,7,26.08,1084.98,
915,719,288,2,34.89,251.87,
916,436,614,7,32.47,1318.3,Support everything goal majority situation economic.
917,116,762,8,45.75,1087.62,Line present father several who boy.
918,589,821,6,35.09,1105.98,
919,629,153,1,11.53,116.19,
920,804,125,9,31.87,893.41,Young challenge eight economic politics herself six.
921,224,558,6,35.25,501.88,
922,394,795,10,41.43,276.87,Nor pick experience wall floor quickly somebody.
923,515,155,6,25.38,363.34,
924,97,303,3,46.05,47.14,Five identify mother.
925,703,451,4,48.4,145.58,
926,112,254,9,36.78,514.22,Information today own keep opportunity religious represent.
927,986,3,2,5.87,285.24,
928,465,752,5,49.47,898.07,
929,90,47,5,45.13,500.71,History wish including deal could.
930,971,82,9,23.67,998.44,
931,1000,537,6,46.23,875.19,Already lose very business hot model.
932,592,224,9,39.39,1163.97,Read economy main truth what occur.
933,591,194,9,39.92,1373.09,
934,988,816,1,13.88,133.04,Husband know save do moment style should quickly.
935,838,629,8,16.02,336.02,Already lay less lay.
936,292,740,3,16.38,208.88,Growth century little.
937,773,119,1,37.46,27.45,
938,942,364,7,18.39,784.02,
939,440,653,2,16.92,54.13,
940,639,862,10,26.27,1942.09,Use record house bit seven single officer.
941,102,23,1,38.43,190.21,
942,456,901,8,38.57,584.34,
943,362,59,5,42.62,576.33,
944,594,832,8,25.68,1281.28,
945,800,919,10,20.33,156.55,
946,267,491,3,34.74,318.14,
947,369,506,5,23.32,924.64,Themselves old financial.
948,617,825,8,14.18,1514.83,
949,1000,360,6,10.81,185.64,Choice pull prepare without.
950,972,370,9,8.1,308.72,
951,74,641,3,43.23,279.63,It onto where green.
952,739,997,10,6.44,1691.45,Week among mouth fall.
953,945,522,9,46.19,442.68,
954,944,396,5,6.55,557.69,
955,853,848,5,0.58,438.08,Republican human choose garden.
956,649,154,10,22.29,1809.05,
957,362,191,6,46.91,295,Note eye born cup.
958,168,215,4,28.82,394.87,Citizen we become both special page past.
959,35,805,7,31.95,953.43,
960,662,899,10,18.63,998.39,
961,811,934,4,21.8,796.02,Garden Congress nation only position effect.
962,241,950,6,42.16,956.67,
963,792,509,3,2.94,131.49,Decision newspaper article.
964,663,889,6,13.81,529.5,Friend trouble positive officer for camera on.
965,332,120,8,43.94,815.1,Professional control why a low.
966,246,206,2,12.14,82.25,Certain note drop news experience beautiful image.
967,620,912,6,22.03,495.08,Enjoy determine little improve through company similar though.
968,333,842,8,5.99,861.8,
969,133,920,6,7,256.84,Project light suffer land true without.
970,418,946,2,28.35,327.97,
971,347,309,9,46.01,1377.98,
972,267,137,10,46.6,1637.82,Design social heart end see.
973,397,529,8,17.6,1251.63,Feel store perform white enjoy little.
974,654,667,8,27.78,517.23,
975,951,289,8,39.68,893.62,Wait total Mr do support but later.
976,118,273,9,26.99,1236.88,Travel every audience you accept receive tree.
977,233,802,7,21.74,1295.98,Staff newspaper eight we store wish majority.
978,436,269,9,21.48,907.53,
979,715,862,2,18.05,346.31,Participant little treat buy sell break cell.
980,917,902,8,30.77,938.58,
981,415,338,6,41.64,631.2,
982,547,553,1,34.12,16.39,
983,221,224,1,27.18,36.5,Rather shoulder police sort cover month design others.
984,45,702,1,24.31,142.65,Evidence similar analysis least room range author.
985,442,288,6,6.35,311.71,Take thousand water process he.
986,946,789,8,6.51,690.99,
987,880,539,4,5.12,149.45,Federal television sing lot human.
988,164,942,10,22.31,1443.64,
989,946,75,6,34.54,233.23,Everybody leave nothing loss rate significant here.
990,304,24,3,42.23,374.22,Rich prepare fly husband performance six strategy.
991,85,890,4,9.93,382.41,
992,989,832,9,38.49,660.7,
993,240,606,5,17.04,331.46,
994,212,931,4,17.1,260.26,
995,433,213,7,33.19,499.57,Others per any quality.
996,1000,42,7,35.99,1287.54,
997,895,466,1,19.58,115.95,Each street area wide learn concern between air.
998,485,165,3,42.18,45.01,Walk class radio remain challenge.
999,194,467,10,15.06,1238.4,
1000,883,705,5,0.34,978.05,
